energy_eV,mu,od,mass_absorption,beta,delta,i0,theta_deg,phi_deg
270.400150,2.83875975e+3,0.0225741529431935,2838.75975020191,0.00010358053891786,0.0169258829711763,,55,0
270.499540,2.91480554e+3,0.0247742073633643,2914.80554256392,0.000106316216126514,0.0169106593313255,,55,0
270.600560,2.90916763e+3,0.0246110988135563,2909.16762797533,0.00010607096277298,0.0169464106107247,,55,0
270.699580,2.75769433e+3,0.0202288774725391,2757.69433207501,0.000100511325457495,0.0171027810324272,,55,0
270.800200,2.83750832e+3,0.0225379481175367,2837.50831540596,0.000103381925746491,0.017107772420937,,55,0
270.900090,2.78165675e+3,0.020922125798105,2781.65674761253,0.000101309656749665,0.0171853543808753,,55,0
271.000120,2.72713893e+3,0.019344889632351,2727.13892620452,0.0000992874220902243,0.0172722861609165,,55,0
271.096220,2.68281639e+3,0.0180626098311139,2682.81639371585,0.000097639139878047,0.0173570511035082,,55,0
271.199800,2.65626947e+3,0.017294589965626,2656.2694689283,0.0000966360614241872,0.0174404235682519,,55,0
271.300020,2.64314747e+3,0.0169149620004307,2643.14747105799,0.0000961231566655749,0.0175193519456923,,55,0
271.400420,2.76257726e+3,0.0203701436825634,2762.57725714122,0.000100429285361578,0.0175062745634077,,55,0
271.499970,2.70400280e+3,0.0186755463842195,2704.00279957073,0.0000982638569372071,0.0175774386590242,,55,0
271.600250,2.64428430e+3,0.0169478513263032,2644.28430423052,0.0000960581984670603,0.0176670909876169,,55,0
271.700590,2.64755049e+3,0.0170423441501209,2647.55048782755,0.0000961413297782401,0.0177248142368811,,55,0
271.801030,2.60534040e+3,0.0158211786216165,2605.34039549126,0.000094573580310203,0.017802175942149,,55,0
271.900210,2.49779211e+3,0.0127097365094577,2497.79211003146,0.0000906365157438924,0.0179331795072305,,55,0
271.999850,2.62122649e+3,0.0162807738496855,2621.22649492765,0.0000950806933676079,0.0179419719743764,,55,0
272.100890,2.58440380e+3,0.0152154692100601,2584.40379877773,0.000093710199836628,0.0180114804429538,,55,0
272.200040,2.57168018e+3,0.0148473666564926,2571.68018153451,0.0000932148765832997,0.0180745911269174,,55,0
272.300750,2.52876811e+3,0.0136058923418506,2528.76810759286,0.0000916255561334852,0.018154773249929,,55,0
272.401030,2.50555053e+3,0.0129341926049474,2505.55052794854,0.0000907508863682127,0.0182239892651825,,55,0
272.499730,2.34404186e+3,0.00826164147956809,2344.0418627884,0.0000848703010797146,0.0183800181034149,,55,0
272.600130,2.46015742e+3,0.0116209404198954,2460.15742218361,0.0000890416696243951,0.0184065360901134,,55,0
272.695190,2.37028597e+3,0.00902090064986073,2370.28597051758,0.0000857590030999316,0.0185108416286382,,55,0
272.800050,2.36799476e+3,0.00895461441345817,2367.99475929857,0.0000856431725579412,0.0185970491007772,,55,0
272.899170,2.36026714e+3,0.00873104929103757,2360.2671382347,0.000085332682956759,0.01867823797361,,55,0
273.000400,2.37429285e+3,0.00913682218596452,2374.2928464312,0.0000858079361021797,0.018748092343326,,55,0
273.099610,2.31385016e+3,0.00738817576133366,2313.85015842182,0.0000835931338364628,0.0188611515519,,55,0
273.200440,2.47205165e+3,0.011965048258738,2472.05165217303,0.0000892755638838635,0.0188672715175551,,55,0
273.299500,2.47560867e+3,0.0120679551082295,2475.60867005282,0.0000893716165330147,0.0189103560877169,,55,0
273.400240,2.35294197e+3,0.00851912729668658,2352.94196671548,0.000084911943226817,0.0190276179515919,,55,0
273.499600,2.31922247e+3,0.0075436003434007,2319.22247348251,0.000083664683175197,0.0191259491803792,,55,0
273.599610,2.33540583e+3,0.00801179535152893,2335.40582787894,0.0000842176931406574,0.0191959421586878,,55,0
273.700680,2.25410161e+3,0.00565961132969549,2254.1016128188,0.0000812557435762116,0.0193122227848697,,55,0
273.799900,2.27264740e+3,0.00619615315194233,2272.64740315654,0.0000818945934716382,0.0193906493610106,,55,0
273.900600,2.25426844e+3,0.00566443770381135,2254.26843843934,0.0000812024443555103,0.0194785729987301,,55,0
274.000310,2.20556424e+3,0.00425539349421201,2205.56424166599,0.0000794191278369342,0.0195860736497273,,55,0
274.100250,2.21852811e+3,0.00463044671768548,2218.5281116937,0.0000798568104480977,0.0196708519878224,,55,0
274.200990,2.21318114e+3,0.00447575543345344,2213.18114337643,0.0000796350759153171,0.0197577645633828,,55,0
274.299960,2.15379548e+3,0.00275768936448707,2153.7954780279,0.0000774702882898396,0.0198756700678252,,55,0
274.399410,2.20258516e+3,0.00416920669933263,2202.58515939982,0.0000791965003974734,0.0199543611550208,,55,0
274.499790,2.27932263e+3,0.00638927183465064,2279.32263041993,0.0000819257152152185,0.0200001367288921,,55,0
274.600010,2.19059286e+3,0.00382226178624479,2190.59286476391,0.0000787077641543141,0.0201143157207005,,55,0
274.698610,2.21159748e+3,0.00442993889832453,2211.59747586111,0.0000794339353917639,0.0201916526075362,,55,0
274.800110,2.12034636e+3,0.00178998461476377,2120.34636250126,0.0000761283405063348,0.0203193301657352,,55,0
274.900270,2.07918232e+3,0.00059908193152106,2079.18231794721,0.0000746231989233364,0.0204465166389219,,55,0
275.000920,2.17138059e+3,0.00326643822681636,2171.38059319341,0.0000779037315777721,0.0205096515629354,,55,0
275.100130,2.12683980e+3,0.00197784385644629,2126.83979500697,0.0000762782002825996,0.0206150460692518,,55,0
275.204130,2.11078926e+3,0.00151349137217222,2110.78925903925,0.0000756739465755316,0.0207272173728617,,55,0
275.300720,2.18490986e+3,0.00365784863587022,2184.90985611634,0.0000783037628070566,0.0207811259821937,,55,0
275.400330,2.00997634e+3,-0.001403092229867,2009.976338698,0.0000720083640294184,0.0209471206429078,,55,0
275.500370,2.07978086e+3,0.000616398128113958,2079.78085945534,0.0000744820885411297,0.0210367264696507,,55,0
275.600220,2.07473745e+3,0.000470489138424356,2074.73745478682,0.0000742745523313113,0.0211372635001684,,55,0
275.700740,2.04892659e+3,-0.000276235930729635,2048.9265934555,0.0000733237930648729,0.0212510787049803,,55,0
275.800660,2.05505002e+3,-0.0000990813254839878,2055.05001576859,0.000073516284648125,0.0213511245576006,,55,0
275.900790,1.97037300e+3,-0.002548842557905,1970.37300400507,0.0000704615123103894,0.0214966016490802,,55,0
276.000060,2.06231117e+3,0.000110988524850735,2062.31116716267,0.00007372274077594,0.0215677952178885,,55,0
276.100370,1.93086139e+3,-0.00369193940614827,1930.8613879404,0.0000689986454330322,0.0217232321541639,,55,0
276.200620,1.92382955e+3,-0.00389537501701248,1923.82955178172,0.0000687224126679565,0.0218527843775332,,55,0
276.299900,1.92515464e+3,-0.00385703941576152,1925.15463771873,0.0000687450366306771,0.0219726787776289,,55,0
276.400090,1.92528272e+3,-0.00385333404776163,1925.28271529852,0.0000687246896504312,0.0220903793939411,,55,0
276.499300,1.89820926e+3,-0.00463658685281193,1898.20925764505,0.0000677339661758247,0.0222169491072378,,55,0
276.600130,1.82358583e+3,-0.0067954913847977,1823.58582821369,0.0000650474512287574,0.0223776446984701,,55,0
276.700590,1.87836134e+3,-0.00521080009638554,1878.36133902451,0.0000669769722931599,0.0224892429035108,,55,0
276.797390,1.82406257e+3,-0.0067816987976986,1824.06257470007,0.0000650180885486925,0.0226323979864868,,55,0
276.899780,1.79812525e+3,-0.00753208247226595,1798.12525215713,0.0000640698614760597,0.0227871547173543,,55,0
276.999450,1.81364607e+3,-0.00708305504876974,1813.64607105096,0.0000645996385803999,0.0229270525286929,,55,0
277.099950,1.89077023e+3,-0.00485180274760001,1890.7702310928,0.0000673222719986051,0.0230345368004581,,55,0
277.200040,1.91020226e+3,-0.00428962142034432,1910.20226154183,0.0000679896055964973,0.0231490783203189,,55,0
277.301180,1.82036401e+3,-0.00688870066741222,1820.36401075002,0.0000647683716739004,0.0233207944659404,,55,0
277.400090,1.84129905e+3,-0.00628303629049464,1841.2990508226,0.0000654898788784298,0.0234641513981516,,55,0
277.500000,1.90984095e+3,-0.00430007442438714,1909.84094912714,0.0000679032668709904,0.0235776952430188,,55,0
277.602110,1.88537022e+3,-0.00500802866544553,1885.37021752898,0.0000670085677248107,0.0237233501207771,,55,0
277.700380,1.87820400e+3,-0.00521535215879286,1878.2039951018,0.0000667302484063613,0.0238626905871913,,55,0
277.800200,1.78253566e+3,-0.00798309941162617,1782.53566482335,0.0000633085154162329,0.0240542973241446,,55,0
277.900630,1.89842271e+3,-0.0046304115994679,1898.42270783486,0.0000673999918885345,0.0241632853363975,,55,0
278.000060,1.78533525e+3,-0.00790210553178341,1785.33525183022,0.0000633623602298938,0.0243494051489,,55,0
278.099790,1.76854155e+3,-0.00838795822218263,1768.54155233175,0.0000627438354134477,0.0245216110206267,,55,0
278.199680,1.72533610e+3,-0.00963792021627219,1725.33609823414,0.0000611890257427039,0.0247120536043726,,55,0
278.294100,1.82079494e+3,-0.00687623374024314,1820.7949352518,0.0000645525634327207,0.0248325222962021,,55,0
278.399690,1.75579977e+3,-0.00875658617986907,1755.79977427752,0.0000622246836134307,0.0250179252892654,,55,0
278.499850,1.64579657e+3,-0.0119390507252719,1645.796568993,0.0000583052474136209,0.0252389176449465,,55,0
278.593080,1.60964828e+3,-0.0129848442426492,1609.64828286569,0.0000570055475427505,0.0254428956729158,,55,0
278.698490,1.78534554e+3,-0.00790180778478325,1785.34554357861,0.0000632039358649894,0.0255676772322105,,55,0
278.799870,1.63997203e+3,-0.0121075585718784,1639.97202547403,0.0000580363817320537,0.0257977736231833,,55,0
278.897980,1.65882849e+3,-0.0115620288293045,1658.82848700094,0.000058683035656181,0.0259831616496085,,55,0
279.000000,1.57339642e+3,-0.0140336342374536,1573.39642225487,0.0000556404214092364,0.0262253479277992,,55,0
279.100040,1.73197658e+3,-0.00944580676717925,1731.97657918121,0.0000612263784733427,0.0263571389018814,,55,0
279.200350,1.53139511e+3,-0.015248759724527,1531.3951064526,0.000054116257197413,0.0266255402534039,,55,0
279.300570,1.52023539e+3,-0.0155716174776842,1520.23539447732,0.0000537026198753868,0.0268565931024524,,55,0
279.400730,1.44708335e+3,-0.0176879538111553,1447.08335246065,0.0000511001842945713,0.0271205294370753,,55,0
279.500550,1.52541796e+3,-0.0154216823696898,1525.41796359279,0.0000538471404624317,0.0273284215113557,,55,0
279.600860,1.55190320e+3,-0.0146554472582551,1551.90319761719,0.0000547624135582609,0.0275407008991725,,55,0
279.700350,1.43574259e+3,-0.0180160495031882,1435.74258895841,0.0000506454027284596,0.0278315342156565,,55,0
279.801060,1.61708572e+3,-0.0127696743544705,1617.08571918043,0.0000570216975100916,0.028007458546314,,55,0
279.899870,1.55217439e+3,-0.0146476015114041,1552.17438910704,0.0000547134716294761,0.0282568002098577,,55,0
279.999910,1.50037404e+3,-0.0161462195203057,1500.37403685664,0.0000528686357932062,0.0285298915875753,,55,0
280.099820,1.44803606e+3,-0.0176603914242684,1448.03605778056,0.0000510062038519988,0.028823268738589,,55,0
280.200010,1.51387480e+3,-0.0157556337635256,1513.87479533213,0.0000533062666674325,0.0290715014298864,,55,0
280.300290,1.48746467e+3,-0.0165196960670366,1487.46466531365,0.0000523575801658706,0.0293520350324594,,55,0
280.400270,1.43138149e+3,-0.0181422190655305,1431.38148577282,0.0000503655317620501,0.0296605675615631,,55,0
280.498750,1.32716331e+3,-0.0211573189097737,1327.16331071139,0.0000466820471040948,0.0300187121944608,,55,0
280.599820,1.51737727e+3,-0.0156543047463418,1517.37727478462,0.0000533534666433034,0.0302553044454399,,55,0
280.700100,1.35830296e+3,-0.0202564283924936,1358.30296461716,0.0000477430914366074,0.0306378404277521,,55,0
280.798220,1.46788872e+3,-0.0170860408952444,1467.88872172957,0.0000515769003834894,0.0309232424624141,,55,0
280.900730,1.34417287e+3,-0.0206652212001393,1344.1728718866,0.0000472126865603643,0.0313415636494752,,55,0
281.000240,1.63982417e+3,-0.0121118362145804,1639.8241669821,0.0000575767367983157,0.0315582139662197,,55,0
281.100400,1.51851420e+3,-0.0156214127205509,1518.51420128095,0.0000532983604776857,0.031941213724756,,55,0
281.199950,1.45657168e+3,-0.0174134504192177,1456.57167591054,0.0000511061396054119,0.0323452180969231,,55,0
281.299870,1.40778678e+3,-0.0188248293886455,1407.78677719659,0.0000493768983436276,0.0327759737499453,,55,0
281.401060,1.51983850e+3,-0.0155830999066111,1519.8384995651,0.0000532878463149036,0.0331397144273388,,55,0
281.499760,1.46295283e+3,-0.0172288394061527,1462.95283204857,0.0000512753638319398,0.033577660540614,,55,0
281.600490,1.40314421e+3,-0.0189591417968586,1403.14421317047,0.0000491615264235857,0.0340656107759579,,55,0
281.700290,1.34549401e+3,-0.0206269998594346,1345.49400836048,0.0000471249529528516,0.0345968653127501,,55,0
281.800050,1.64585983e+3,-0.0119372206125897,1645.85982759595,0.0000576246412672189,0.0349212976076425,,55,0
281.899900,1.44538983e+3,-0.0177369486146165,1445.38982678389,0.0000505878855592489,0.0355287877098901,,55,0
282.000580,1.53791700e+3,-0.015060077115732,1537.91699898363,0.0000538070709478301,0.0360322102161769,,55,0
282.099300,1.43791602e+3,-0.0179531706609922,1437.91602218523,0.0000502907335072979,0.0366865227824002,,55,0
282.199550,1.72405607e+3,-0.00967495218892722,1724.05607275956,0.0000602769855713623,0.0370738419298506,,55,0
282.251160,1.64996951e+3,-0.0118183247383896,1649.96951273793,0.0000576762000784789,0.0374293787018487,,55,0
282.299650,1.61310570e+3,-0.0128848188540614,1613.10570185575,0.0000563779061291825,0.0377716285573847,,55,0
282.350130,1.56851034e+3,-0.0141749919207131,1568.5103353784,0.0000548095010149622,0.0381720279257571,,55,0
282.397190,1.73215368e+3,-0.00944068318604691,1732.1536778854,0.0000605177126532862,0.0383978234535522,,55,0
282.452730,1.71246548e+3,-0.0100102756812893,1712.46547734498,0.0000598180847778032,0.0387583493246828,,55,0
282.500340,1.67203119e+3,-0.0111800659746846,1672.0311912914,0.0000583958326834054,0.0391153710380878,,55,0
282.550080,1.56829608e+3,-0.0141811906093487,1568.29607513802,0.0000547632326651228,0.0395870846498763,,55,0
282.600160,1.79277903e+3,-0.00768675204915412,1792.7790341632,0.0000625908453023588,0.0398555161565509,,55,0
282.650820,1.60017973e+3,-0.0132587758026713,1600.17972502282,0.0000558566607897803,0.0403526785969949,,55,0
282.700410,1.67815776e+3,-0.011002820220194,1678.15776421589,0.0000585683250044949,0.0407678954055357,,55,0
282.750730,1.67545460e+3,-0.0110810245443551,1675.45459935668,0.0000584635771762113,0.0412296959621843,,55,0
282.798250,1.78306459e+3,-0.00796779713815953,1783.06459424438,0.0000622080824275977,0.0416125519009482,,55,0
282.850190,1.77120754e+3,-0.00831082954550852,1771.20753699001,0.0000617830625683864,0.0420911295922157,,55,0
282.899320,1.73379819e+3,-0.00939310641212376,1733.79818878378,0.0000604676508812393,0.0426104333637942,,55,0
282.950230,1.78693076e+3,-0.00785594643100904,1786.93076026897,0.0000623094803212852,0.0431416524360237,,55,0
282.999630,1.86631607e+3,-0.00555927748315214,1866.31607380109,0.0000650662510207892,0.0436411902179201,,55,0
283.046110,1.84414609e+3,-0.00620066944815166,1844.14609484702,0.0000642827708310959,0.0441801186400812,,55,0
283.101170,1.89274679e+3,-0.00479461955604474,1892.7467917959,0.00006596404967739,0.0448403986467195,,55,0
283.150240,1.93323010e+3,-0.00362341115751377,1933.23009524092,0.0000673632557242226,0.0454626049956319,,55,0
283.200010,2.03231317e+3,-0.000756873242771215,2032.31316567033,0.0000708033525061635,0.0460887387742411,,55,0
283.250640,2.00710633e+3,-0.00148612336013091,2007.10633328643,0.0000699126778411323,0.0468308930237839,,55,0
283.300320,2.09991659e+3,0.00119893792000559,2099.9165886676,0.000073132670923168,0.0475815792755953,,55,0
283.350280,2.22261569e+3,0.00474870314321386,2222.61569402746,0.0000773921988720953,0.0483594253980112,,55,0
283.400210,2.38679111e+3,0.00949840497660132,2386.79110536804,0.0000830941976313851,0.0491486261337183,,55,0
283.449950,2.46015977e+3,0.0116210084578389,2460.15977394331,0.0000856334387016408,0.0500271894456022,,55,0
283.500210,2.54622279e+3,0.0141108677982366,2546.22279341888,0.0000886134146751219,0.051018442733093,,55,0
283.549870,2.77907933e+3,0.0208475594519808,2779.07933097112,0.0000967003280245052,0.0520168891649076,,55,0
283.600220,2.98827071e+3,0.0268996025602182,2988.27070794588,0.000103960851961565,0.0531015209466273,,55,0
283.650020,3.21085140e+3,0.0333390072798903,3210.85139947671,0.000111684741569447,0.054259347304946,,55,0
283.701780,3.25448767e+3,0.0346014329612469,3254.48766608754,0.000113181911644839,0.055729524605554,,55,0
283.750270,3.59347251e+3,0.0444084858488788,3593.47251152521,0.000124949493262029,0.0572049866017966,,55,0
283.800170,4.04802496e+3,0.0575589848360132,4048.02495634824,0.000140730096542224,0.058827548720268,,55,0
283.849730,4.45135107e+3,0.0692274726990788,4451.3510727742,0.000154724760115688,0.0606952197972141,,55,0
283.899810,5.03092071e+3,0.0859948007223206,5030.92071142981,0.000174839206375869,0.062891920104064,,55,0
283.949890,6.17881746e+3,0.11920420300007,6178.81745749482,0.000214694102939636,0.0652318426894545,,55,0
284.000850,7.76821207e+3,0.165186426720804,7768.21206762392,0.000269872038005944,0.0676922058650266,,55,0
284.050720,7.90354016e+3,0.169101556780332,7903.54015989627,0.00027452520563011,0.071596953042435,,55,0
284.099910,1.04315807e+4,0.242239419282579,10431.5806731918,0.000362272593724955,0.0761284775981743,,55,0
284.150330,1.45725614e+4,0.362040694915625,14572.5613907445,0.000505992622071119,0.0820679637712526,,55,0
284.200320,2.71222115e+4,0.725110265812345,27122.2115031405,0.000941579493077614,0.0866731943479865,,55,0
284.251070,5.79166670e+4,1.61601396855845,57916.667027705,0.00201028628001761,0.0807888123407335,,55,0
284.299990,9.04665107e+4,2.55770219666878,90466.5107079635,0.00313955034054151,0.0629533249752955,,55,0
284.352140,9.19764524e+4,2.60138579626875,91976.4524231993,0.00319136596522347,0.0520370059023334,,55,0
284.400820,1.10320906e+5,3.13210281457873,110320.906000056,0.00382722003202346,0.0370237944620562,,55,0
284.449860,1.14222901e+5,3.24499007439791,114222.900897009,0.00396190371575502,0.0216594389791653,,55,0
284.500580,1.05522081e+5,2.99326966301168,105522.080607268,0.00365945697290743,0.0114510687746243,,55,0
284.550900,8.97803531e+4,2.53785120869362,89780.3530857252,0.00311299054099405,0.00960479376082646,,55,0
284.601780,9.00818002e+4,2.54657226908695,90081.8001507464,0.00312288434020497,0.00406706405642914,,55,0
284.650360,7.50305119e+4,2.11112867499983,75030.5119472742,0.00260065431079498,0.0031780898752367,,55,0
284.701140,6.35826347e+4,1.77993411383481,63582.6347498432,0.00220346303759463,0.0052156599829962,,55,0
284.750850,5.34853321e+4,1.48781255563172,53485.332085006,0.00185321634978413,0.00891565495129566,,55,0
284.799840,4.64860585e+4,1.28531900029251,46486.0584657772,0.00161042105018947,0.0133283954805454,,55,0
284.849910,4.33413041e+4,1.19433920228859,43341.3040611992,0.00150121309232355,0.017164184501682,,55,0
284.901520,4.31593787e+4,1.18907598137706,43159.3786502076,0.00149464093668877,0.0193794972143477,,55,0
284.950650,4.26187091e+4,1.17343405817683,42618.7090954359,0.00147566268200178,0.0206121819476675,,55,0
284.999970,4.19425595e+4,1.15387260944993,41942.5595172494,0.00145199984750655,0.0214133017830158,,55,0
285.050080,4.04117058e+4,1.10958401213688,40411.7058054532,0.00139875763801774,0.0222544213264641,,55,0
285.100160,3.79771675e+4,1.03915123026966,37977.1675248331,0.00131426083129451,0.0236708086750061,,55,0
285.151150,3.58422879e+4,0.977387767559714,35842.2878519775,0.00124015809240962,0.0256029962983419,,55,0
285.199430,3.46645061e+4,0.943313771495563,34664.5060635447,0.00119920331027332,0.027485522472414,,55,0
285.250180,3.36864372e+4,0.915017600788278,33686.4372019213,0.00116516011386802,0.0295198961794688,,55,0
285.300480,3.28133401e+4,0.889758330686276,32813.3400676952,0.00113476097737354,0.0318268162200573,,55,0
285.350040,3.23787039e+4,0.877184022362945,32378.703891842,0.00111953577966516,0.0345954289161245,,55,0
285.400730,3.43349129e+4,0.933778426515166,34334.9129144702,0.00118696339579167,0.0371990372124971,,55,0
285.450440,3.91571801e+4,1.07328976518303,39157.1801253231,0.00135343420364508,0.0383228496125511,,55,0
285.500060,4.52227865e+4,1.24877171698705,45222.7864793384,0.00156281499780995,0.0372875957982943,,55,0
285.550540,4.47334935e+4,1.23461615285946,44733.4935416074,0.00154563266088401,0.0381304804975125,,55,0
285.600520,5.14974269e+4,1.43030116199683,51497.4269410648,0.00177902885372809,0.0378275877153515,,55,0
285.650020,5.91079938e+4,1.65047983077788,59107.9938321177,0.00204158946545493,0.034964512729494,,55,0
285.701840,6.38043646e+4,1.78634890393849,63804.3646269763,0.00220340234074727,0.0308890580414287,,55,0
285.751160,6.53823506e+4,1.83200106803576,65382.3505894995,0.00225750636529047,0.0272360387352796,,55,0
285.800420,6.44952706e+4,1.80633726376139,64495.2705640353,0.00222649365536322,0.0246101334413816,,55,0
285.850160,6.29796772e+4,1.76249015710365,62979.6771596184,0.00217379430181374,0.0229243834861094,,55,0
285.900760,6.14381136e+4,1.71789171715605,61438.1136088126,0.00212021068294371,0.0217970372472017,,55,0
285.949400,5.92330739e+4,1.65409847739905,59233.0738515308,0.00204376772503191,0.0215541451133106,,55,0
285.999630,5.83326523e+4,1.6280486927915,58332.6522559653,0.00201234624454543,0.0216450233071243,,55,0
286.050750,5.88250473e+4,1.6422940022064,58825.0472767277,0.00202897011209026,0.0213026744359625,,55,0
286.099060,5.88612270e+4,1.64334070656825,58861.2270465714,0.00202987519257214,0.0208951708378644,,55,0
286.146420,6.00957105e+4,1.67905511904844,60095.7105079344,0.00207210430475192,0.0199903053808716,,55,0
286.200290,6.11037344e+4,1.70821790956088,61103.7344421033,0.00210646447700502,0.0182631559974723,,55,0
286.249450,6.09287449e+4,1.70315534658418,60928.7448557474,0.00210007123484367,0.0163971597615598,,55,0
286.300140,5.86730751e+4,1.63789734710166,58673.0750718055,0.0020219655203143,0.014957295726393,,55,0
286.350590,5.42820112e+4,1.51086100295904,54282.0112142359,0.00187031304820699,0.0152414566002473,,55,0
286.400300,5.45920441e+4,1.51983045584434,54592.0440686339,0.00188066889963035,0.0148264661734221,,55,0
286.449130,5.14643717e+4,1.42934485090272,51464.3716519639,0.0017726199088638,0.0147573980518476,,55,0
286.501010,4.93782376e+4,1.36899163116614,49378.2376116478,0.0017004578973953,0.0150889781535003,,55,0
286.550110,4.68260595e+4,1.29515545097155,46826.0594580524,0.00161229121753794,0.0158004828333242,,55,0
286.599400,4.48191984e+4,1.23709564991307,44819.1983843479,0.00154292658955827,0.0169355342556688,,55,0
286.649960,4.48609738e+4,1.23830424138165,44860.9738490941,0.00154409233515737,0.0174895542038971,,55,0
286.700410,4.34768438e+4,1.19826045576303,43476.8438118445,0.00149618794290157,0.0178929350952988,,55,0
286.751130,4.18075834e+4,1.14996766348257,41807.5834423415,0.00143848846200864,0.0185908096828546,,55,0
286.798610,4.00076772e+4,1.0978952014481,40007.6772221381,0.00137633055395217,0.0196494593652851,,55,0
286.850070,3.89006442e+4,1.06586801351622,38900.6442046466,0.00133800670197547,0.020950727914794,,55,0
286.899570,3.79685011e+4,1.03890050504819,37968.5011036951,0.00130571986340662,0.0223409849901431,,55,0
286.950070,3.80873967e+4,1.04234023347742,38087.3967416906,0.00130957811985264,0.0235979449963857,,55,0
286.999970,3.83618210e+4,1.05027950550143,38361.8209678861,0.0013187844522755,0.0246064364342641,,55,0
287.050230,3.84706552e+4,1.05342815032908,38470.6551806174,0.00132229434033524,0.025676974841613,,55,0
287.100680,3.96364911e+4,1.08715654603951,39636.4911496655,0.00136212647978062,0.0264872704633471,,55,0
287.150240,4.08443027e+4,1.12209932184353,40844.3026696818,0.0014033912285055,0.0269100580559801,,55,0
287.200380,4.20812685e+4,1.15788555215292,42081.2685440603,0.00144564037342343,0.026958828309577,,55,0
287.250150,4.19307559e+4,1.15353112377183,41930.7559233322,0.00144022015169413,0.0272910014164843,,55,0
287.299740,4.30466771e+4,1.18581545193128,43046.6770993048,0.00147829413952461,0.0275286832850042,,55,0
287.350010,4.37155810e+4,1.2051672789943,43715.5810178476,0.00150100277067298,0.0275714899380105,,55,0
287.400390,4.42601664e+4,1.22092249077022,44260.1664391655,0.00151943506676172,0.0275472594124717,,55,0
287.450810,4.42972048e+4,1.22199403438126,44297.2047879468,0.00152043984161078,0.0276221285014287,,55,0
287.502170,4.42728137e+4,1.22128838371057,44272.8136802128,0.00151933118576418,0.0278585479589478,,55,0
287.550350,4.42681699e+4,1.22115403577143,44268.1698880454,0.00151891728034263,0.0281677866040925,,55,0
287.599980,4.39487337e+4,1.21191253910905,43948.7337278038,0.00150769665239261,0.0287370141504395,,55,0
287.649960,4.42026342e+4,1.2192580450805,44202.6341844368,0.00151614343171345,0.0294348319663122,,55,0
287.699890,4.46595064e+4,1.23247565755903,44659.5064348904,0.00153154823372017,0.0301507644177455,,55,0
287.751040,4.57048487e+4,1.26271809143769,45704.8486892333,0.0015671184696633,0.0306943477647714,,55,0
287.798310,4.57728929e+4,1.26468665593498,45772.8929365208,0.00156919377918566,0.0314550592959622,,55,0
287.850620,4.70707993e+4,1.30223593295374,47070.7992507155,0.00161339556553999,0.0325051164709485,,55,0
287.900180,4.95044114e+4,1.37264192083085,49504.4113859685,0.00169651779831006,0.0331529526708254,,55,0
287.950320,5.24360478e+4,1.45745607720021,52436.0478334535,0.00179667217122203,0.0333043162406964,,55,0
288.000120,5.61279895e+4,1.5642663607048,56127.9895268258,0.00192284055423823,0.032652671044363,,55,0
288.052550,5.92631129e+4,1.65496752713076,59263.1129154941,0.00202987451625975,0.0310735813378479,,55,0
288.102170,5.91522181e+4,1.65175926810504,59152.2181133123,0.00202572720578059,0.0301401203710348,,55,0
288.150240,6.11021517e+4,1.70817211894497,61102.1516704964,0.00209215556446221,0.0292776074554171,,55,0
288.200200,6.20523895e+4,1.73566311998967,62052.3895092072,0.00212432366729039,0.028222667047536,,55,0
288.249940,6.33735297e+4,1.77388456869107,63373.529716046,0.00216917767821759,0.027063267951166,,55,0
288.300230,6.43042181e+4,1.80080999083121,64304.2180856408,0.00220064975834117,0.0256429979781442,,55,0
288.350520,6.41605032e+4,1.79665222450572,64160.5031703281,0.00219534852937688,0.0243640629823089,,55,0
288.400020,6.43263433e+4,1.80145008748336,64326.3432915698,0.00220064522351122,0.0231321904623533,,55,0
288.450710,6.36183031e+4,1.78096602264387,63618.3031052762,0.00217604025027156,0.0219620986609318,,55,0
288.500760,6.29049061e+4,1.76032698248873,62904.9061330018,0.00215126550088627,0.0208963147634987,,55,0
288.550320,6.11243441e+4,1.70881415953836,61124.3440695596,0.00209001357531796,0.0201807116455005,,55,0
288.600490,5.91926385e+4,1.65292865675857,59192.6385165178,0.0020236112752325,0.020105790348903,,55,0
288.649480,5.93492769e+4,1.65746030778286,59349.2769113187,0.00202862189326446,0.0197094158794114,,55,0
288.695530,5.72260933e+4,1.59603522044503,57226.0933233654,0.001955737192075,0.0194807453126625,,55,0
288.750210,5.61521268e+4,1.56496466759746,56152.1267938305,0.00191867031733681,0.0195574597563868,,55,0
288.801820,5.45672946e+4,1.51911443748703,54567.2945975172,0.00186418475529458,0.0197430262108178,,55,0
288.849980,5.33831425e+4,1.48485614499351,53383.142526662,0.00182342644797824,0.0201077498159149,,55,0
288.899960,5.21346754e+4,1.4487371767416,52134.6754274704,0.00178047404861344,0.020673973203273,,55,0
288.951690,5.13042803e+4,1.42471330289796,51304.2802766528,0.00175180118655664,0.0214357778256605,,55,0
288.999660,5.14563719e+4,1.42911341389823,51456.3719360359,0.00175670276819268,0.0219063484542274,,55,0
289.049770,5.07173482e+4,1.40773297615291,50717.3482489475,0.00173117258462173,0.022362109631634,,55,0
289.099300,5.04576654e+4,1.40022018323795,50457.6654498168,0.00172201356556729,0.0228979070063143,,55,0
289.150630,5.00739777e+4,1.38911984676169,50073.9777214211,0.00170861574646308,0.0234663488480902,,55,0
289.200870,4.99186832e+4,1.38462707456223,49918.6831893053,0.00170302091252232,0.0240431352117586,,55,0
289.249850,4.97285528e+4,1.37912647682576,49728.5527500309,0.00169624715911895,0.0246352612240449,,55,0
289.300020,4.97818070e+4,1.38066715825643,49781.8070418788,0.00169776919388184,0.0252513621543929,,55,0
289.349880,4.99218599e+4,1.38471897978426,49921.8599313747,0.00170225220889771,0.0258186367521617,,55,0
289.400120,4.99585362e+4,1.38578004771195,49958.5361838215,0.00170320707906384,0.0264275702835739,,55,0
289.450320,5.03177432e+4,1.39617214159587,50317.7432136375,0.00171515579888903,0.0270334591637122,,55,0
289.500120,5.06473629e+4,1.40570825335309,50647.3628666705,0.00172609440451155,0.0276059884062935,,55,0
289.549960,5.12180192e+4,1.42221771433074,51218.0192240788,0.00174524227799948,0.0281101140797229,,55,0
289.600460,5.14703108e+4,1.42951667370912,51470.3107784416,0.00175353322369332,0.0286430228988628,,55,0
289.649630,5.20085054e+4,1.44508699507362,52008.5053861016,0.00177156809699921,0.0292160308293198,,55,0
289.699950,5.27039245e+4,1.46520592294991,52703.9244620113,0.00179494435824067,0.0297517965875213,,55,0
289.751010,5.33735862e+4,1.48457967335026,53373.5861697904,0.00181743078887571,0.0302826267853302,,55,0
289.800540,5.42898019e+4,1.51108639214632,54289.8018848574,0.00184831301663853,0.0307444931510059,,55,0
289.850800,5.52554493e+4,1.53902320371576,55255.4493490236,0.001880862584502,0.0310535783150093,,55,0
289.899720,5.53433753e+4,1.54156695882708,55343.3752981464,0.00188353763457301,0.0315454944234394,,55,0
289.950780,5.65434820e+4,1.57628682936874,56543.4820054349,0.00192404277716449,0.0321653229196851,,55,0
289.999540,5.74089109e+4,1.60132425257638,57408.9109098619,0.00195316284723649,0.0326990784891102,,55,0
290.050420,5.87744919e+4,1.64083140241559,58774.4919091057,0.00199927180043703,0.0332676747144325,,55,0
290.100520,6.04215300e+4,1.68848129012877,60421.5300159302,0.00205494246447699,0.0336785280874583,,55,0
290.150270,6.23864140e+4,1.74532666789495,62386.4140454857,0.00212140456836578,0.0337217911821225,,55,0
290.196110,6.26669081e+4,1.75344154261112,62666.9080514755,0.00213060595447415,0.0338936163513289,,55,0
290.249910,6.43174365e+4,1.80119240727212,64317.4364683293,0.00218631678008311,0.0344657288217459,,55,0
290.298030,6.63057522e+4,1.85871568054793,66305.7522369798,0.00225353119045388,0.0348346933116719,,55,0
290.349880,6.88276972e+4,1.93167719518054,68827.697213113,0.0023388267058804,0.0349939033263555,,55,0
290.400360,7.18961426e+4,2.02044932391447,71896.1426148903,0.00244267054406662,0.034675131548837,,55,0
290.450440,7.45927524e+4,2.09846400580779,74592.7524105638,0.00253385086149395,0.0336979642236881,,55,0
290.500210,7.47715048e+4,2.10363542949402,74771.5048124379,0.00253948777222432,0.0329807108241887,,55,0
290.549380,7.70967568e+4,2.17090648812891,77096.7568198513,0.00261801790108704,0.0324956593876689,,55,0
290.600220,7.88690952e+4,2.22218139427066,78869.0951902511,0.00267773364442948,0.0315736643331964,,55,0
290.649990,8.06329187e+4,2.2732099598584,80632.9186973604,0.00273714953076741,0.0304359069537036,,55,0
290.700840,8.17588628e+4,2.30578425925306,81758.8628491924,0.00277488514048181,0.0290464764179659,,55,0
290.750090,8.21775582e+4,2.31789738911618,82177.5582005343,0.00278862316270026,0.027729690611971,,55,0
290.799440,8.26353562e+4,2.33114178478515,82635.3562230598,0.00280368225745383,0.0264054074416663,,55,0
290.849880,8.21052621e+4,2.31580581633699,82105.2621210293,0.00278521392963633,0.0251466765450132,,55,0
290.899350,8.18437614e+4,2.30824042901177,81843.7613743218,0.00277587103472502,0.0240752204133743,,55,0
290.950100,8.07808892e+4,2.27749084246253,80780.8891778425,0.002739344004651,0.023128693611364,,55,0
290.999730,7.98049089e+4,2.24925509592884,79804.9089028088,0.00270578618913691,0.0225248268490566,,55,0
291.049900,7.86410940e+4,2.21558516965109,78641.093953921,0.00266586742168916,0.0222925023312111,,55,0
291.099670,7.90554815e+4,2.22757367128128,79055.4814787669,0.00267945662139574,0.0220439790617601,,55,0
291.149320,7.83939240e+4,2.20843438179401,78393.9240095691,0.00265658110300169,0.021572753485306,,55,0
291.199550,7.76809675e+4,2.18780808525367,77680.9675256193,0.00263196665126443,0.0213319127173966,,55,0
291.250430,7.71996706e+4,2.17388385013383,77199.6705708645,0.00261520252839456,0.0212599537925907,,55,0
291.299010,7.70277569e+4,2.1689102764673,77027.7569368766,0.00260894364554002,0.0212372128733457,,55,0
291.352080,7.69846339e+4,2.16766269817716,76984.6338764934,0.00260700810492091,0.0211700477634189,,55,0
291.399930,7.68730746e+4,2.16443521573248,76873.0746088729,0.00260280279176014,0.0210966622643502,,55,0
291.449740,7.68010548e+4,2.16235163471174,76801.0547678087,0.00259991989859154,0.0210680064212089,,55,0
291.500550,7.69871350e+4,2.16773505599004,76987.1349542684,0.00260576493063477,0.0210316654442188,,55,0
291.550200,7.71758618e+4,2.17319504695391,77175.8618036273,0.00261170788198714,0.0209258225079427,,55,0
291.599610,7.75071389e+4,2.18277910926175,77507.1388873052,0.00262247418822876,0.020688537996376,,55,0
291.650120,7.69565994e+4,2.16685164269248,76956.599407702,0.00260339558956437,0.0205072477858863,,55,0
291.700100,7.71888301e+4,2.17357022761353,77188.8300785382,0.00261080440101261,0.0205145788075413,,55,0
291.749180,7.74365077e+4,2.18073570302666,77436.5077043489,0.00261874113459431,0.020381452836444,,55,0
291.800050,7.72732993e+4,2.17601397774764,77273.2993141988,0.00261276619993735,0.0202534987034171,,55,0
291.850220,7.75497617e+4,2.18401221598932,77549.7617321334,0.00262166320233567,0.0201830755864013,,55,0
291.900090,7.77053810e+4,2.18851438390477,77705.3810310648,0.00262647530056689,0.0199979040839845,,55,0
291.950040,7.73960761e+4,2.17956599038292,77396.0761022878,0.00261557308356645,0.0198907831250159,,55,0
292.000580,7.76819717e+4,2.18783713637556,77681.9716896812,0.0026247804435727,0.0198813775813654,,55,0
292.050380,7.75848030e+4,2.18502598134679,77584.8029516466,0.00262105021487844,0.0198590486070599,,55,0
292.100430,7.79852964e+4,2.19661251912692,77985.2964295096,0.0026341286779865,0.0199075650512188,,55,0
292.150300,7.83960854e+4,2.20849691190394,78396.085388721,0.00264755198465974,0.0198509448750493,,55,0
292.199370,7.89018668e+4,2.22312949761286,78901.8667750074,0.00266418549106277,0.019666027353924,,55,0
292.251980,7.86637380e+4,2.2162402778495,78663.7380401645,0.00265566673301677,0.0194852838818027,,55,0
292.299960,7.89832937e+4,2.22548523040743,78983.2936548671,0.00266601715591416,0.0195142136873371,,55,0
292.350190,7.95717450e+4,2.24250951182388,79571.7449939969,0.00268541838154264,0.019463594440539,,55,0
292.399930,8.00632068e+4,2.25672782205487,80063.2067767835,0.00270154478949915,0.0193098489246455,,55,0
292.450290,8.07774885e+4,2.27739245743636,80777.4884586589,0.00272517718962318,0.0190444071058544,,55,0
292.501460,8.12578447e+4,2.29128947737882,81257.8447095342,0.00274090331592018,0.0185553544833807,,55,0
292.549870,8.09188591e+4,2.28148240181187,80918.8590801766,0.00272901735091883,0.0181426725467735,,55,0
292.600070,8.13388684e+4,2.29363354652594,81338.8684305883,0.00274271168117466,0.0178780997925177,,55,0
292.649750,8.13851570e+4,2.2949727060479,81385.1570341852,0.00274380664736731,0.0175122148387736,,55,0
292.694310,8.17392462e+4,2.30521673640726,81739.2461869422,0.00275532481794277,0.0171736511516617,,55,0
292.750090,8.17830076e+4,2.30648278213919,81783.0075821009,0.00275627468327365,0.0165698908195771,,55,0
292.800570,8.14482514e+4,2.29679806687373,81448.2513872494,0.00274451938492405,0.0160603440540354,,55,0
292.850340,8.13601500e+4,2.29424923591583,81360.1499893872,0.0027410847505903,0.0156297382887771,,55,0
292.899510,8.10413223e+4,2.28502534272136,81041.3223003057,0.00272988485388169,0.0151727792674192,,55,0
292.949580,8.07913190e+4,2.27779258534192,80791.3190454594,0.00272099832605075,0.0147230015396135,,55,0
293.001280,8.01848637e+4,2.26024743566946,80184.8636793016,0.00270009679394613,0.0142595433984744,,55,0
293.048550,7.96199411e+4,2.24390385767776,79619.9411360162,0.00268064146371436,0.0139664557499633,,55,0
293.099980,7.93747161e+4,2.23680933611994,79374.7160596058,0.00267191631307633,0.013687567609213,,55,0
293.150090,7.87395020e+4,2.2184321795961,78739.5020319873,0.00265008062899869,0.0133599329983163,,55,0
293.199620,7.83051283e+4,2.20586546344328,78305.128282653,0.00263501600741734,0.013114963115788,,55,0
293.250030,7.75840078e+4,2.1850029780421,77584.0078328913,0.002610301067439,0.0128848058552358,,55,0
293.300230,7.69997038e+4,2.16809868099894,76999.7038033257,0.00259019885220318,0.012808625435818,,55,0
293.350280,7.68397058e+4,2.16346983291258,76839.7057518122,0.002584375656798,0.0127436704792756,,55,0
293.400480,7.62447815e+4,2.14625828515652,76244.7814740826,0.00256392761265348,0.0125842592702013,,55,0
293.450930,7.58395285e+4,2.13453405153845,75839.5284825434,0.00254986148776517,0.0125121984301272,,55,0
293.499480,7.52769988e+4,2.1182596994543,75276.9987614278,0.00253052956221514,0.0124595213072336,,55,0
293.548890,7.49052975e+4,2.10750614049618,74905.2975415926,0.00251761053100328,0.012492653985886,,55,0
293.602570,7.44376371e+4,2.09397641745164,74437.6370601393,0.00250143476433553,0.0125553976400789,,55,0
293.649960,7.42782027e+4,2.08936387687236,74278.2026843631,0.00249567423870081,0.0126543990263074,,55,0
293.700010,7.40534603e+4,2.08286193340301,74053.4603150443,0.00248769911110573,0.0126914464531575,,55,0
293.750030,7.36289789e+4,2.07058140859965,73628.9788882528,0.00247301820558719,0.0127393398127204,,55,0
293.800900,7.34281199e+4,2.06477042824494,73428.1199452093,0.00246584482121115,0.0128767005289017,,55,0
293.849490,7.31598103e+4,2.05700805487391,73159.8102942308,0.00245642825919282,0.0130062785528245,,55,0
293.899960,7.30208362e+4,2.05298744440268,73020.8362278348,0.00245134100937367,0.0131981395633822,,55,0
293.949650,7.29758243e+4,2.0516852197643,72975.8242937887,0.00244941581379411,0.0133804546519136,,55,0
294.000550,7.28179503e+4,2.04711782182052,72817.950291908,0.00244369366395163,0.013557337251428,,55,0
294.050140,7.28238484e+4,2.04728845666283,72823.8483559147,0.00244347944737858,0.0137850011106362,,55,0
294.101070,7.28088867e+4,2.04685560574638,72808.8866846875,0.00244255437943483,0.0140194469559719,,55,0
294.148320,7.29415110e+4,2.05069251377028,72941.5109998965,0.00244661052033346,0.0142663411209515,,55,0
294.201480,7.31381330e+4,2.05638091783003,73138.1330425302,0.00245276235817588,0.0144965005520403,,55,0
294.251890,7.30841508e+4,2.05481917703591,73084.1508250612,0.00245053212228608,0.0146981465413808,,55,0
294.300110,7.32904412e+4,2.06078729264098,73290.4412131236,0.0024570464529147,0.0150052518447145,,55,0
294.349550,7.35536666e+4,2.06840257445806,73553.6665836102,0.00246545685098216,0.0153213205421614,,55,0
294.400880,7.39594609e+4,2.0801424676028,73959.4608531754,0.00247862649850305,0.0156738101034467,,55,0
294.449710,7.45485057e+4,2.09718392050022,74548.5057316578,0.00249795302721553,0.015986699848504,,55,0
294.500340,7.51455055e+4,2.11445551444129,75145.5055306454,0.00251752426697561,0.0161622401322636,,55,0
294.550230,7.50559408e+4,2.11186434876303,75055.9408156373,0.00251409776825799,0.0162534194393006,,55,0
294.599850,7.56615376e+4,2.12938465918629,75661.5376028575,0.00253395616084307,0.0166626902887041,,55,0
294.649320,7.63256484e+4,2.14859781844074,76325.6484111568,0.00255576851026981,0.017006524500063,,55,0
294.700530,7.72557918e+4,2.17550747305748,77255.7917697738,0.00258646488434807,0.0173275578283171,,55,0
294.750000,7.82022705e+4,2.20288972138939,78202.2705259183,0.0026177128467701,0.0174341222417698,,55,0
294.799260,7.81328414e+4,2.20088109010318,78132.8413534748,0.00261495177826363,0.017311500972036,,55,0
294.850710,7.90130975e+4,2.2263474763448,79013.0975428604,0.00264395077624646,0.0176526075488084,,55,0
294.900090,7.98403234e+4,2.25027966095988,79840.3234175124,0.0026711842048736,0.0178251595053782,,55,0
294.950620,8.06621626e+4,2.27405600628543,80662.1626425683,0.00269821780575894,0.0179085331196331,,55,0
295.000340,8.14511631e+4,2.29688230432753,81451.1630897337,0.00272415132861716,0.0179062032279354,,55,0
295.050080,8.22389503e+4,2.31967350343055,82238.9503275306,0.00275003535554659,0.0177717664114906,,55,0
295.099980,8.22643680e+4,2.32040885320354,82264.367997038,0.00275042014995924,0.0173376651812705,,55,0
295.151400,8.25899225e+4,2.32982735651564,82589.9224654487,0.00276082364886339,0.0171754140518806,,55,0
295.199980,8.30342744e+4,2.34268274794283,83034.2743952197,0.00277522070344031,0.0170631948550547,,55,0
295.299930,8.32154719e+4,2.34792490949091,83215.4718805903,0.00278033541594668,0.0164525701008149,,55,0
295.400820,8.36075625e+4,2.35926834661911,83607.5624837196,0.00279248160609422,0.0160295070306677,,55,0
295.500460,8.34155357e+4,2.35371288654093,83415.5357048785,0.00278512850076907,0.0154218184325045,,55,0
295.600100,8.32322851e+4,2.34841132678824,83232.2850959613,0.00277807327788236,0.0149309757310451,,55,0
295.700680,8.30547384e+4,2.34327478604762,83054.7384375518,0.0027712043189295,0.0144890133223846,,55,0
295.800510,8.25546349e+4,2.32880646337362,82554.6348711098,0.00275358823894004,0.0140233563076797,,55,0
295.899870,8.21850241e+4,2.31811338258746,82185.0241043402,0.00274033948288209,0.0136945226598614,,55,0
295.999910,8.17407319e+4,2.30525971910804,81740.7319017996,0.00272460405475909,0.0134265772862437,,55,0
296.100190,8.16961530e+4,2.303970022091,81696.1529901743,0.00272219590238169,0.0133138241272279,,55,0
296.200070,8.15952625e+4,2.3010511943168,81595.2624990925,0.00271791732918209,0.0131838916396535,,55,0
296.300020,8.14063042e+4,2.29558450755532,81406.3042067156,0.00271070847304119,0.0130887173367931,,55,0
296.399410,8.16851333e+4,2.30365121572739,81685.1333161567,0.00271908098591433,0.0131327608549745,,55,0
296.500820,8.19808130e+4,2.31220542116414,81980.8129704878,0.00272799002211193,0.0131554698222141,,55,0
296.599910,8.26495638e+4,2.331552820361,82649.5638380026,0.00274932452840993,0.0132080074955706,,55,0
296.697880,8.31439597e+4,2.34585601602621,83143.9597209849,0.00276485726763683,0.0131202886074251,,55,0
296.800320,8.28084121e+4,2.33614840545279,82808.41214033,0.00275274858332688,0.0129208848802459,,55,0
296.900300,8.35821821e+4,2.35853407681347,83582.1821437313,0.00277753489974067,0.0130097063150714,,55,0
296.998900,8.39957745e+4,2.37049957513897,83995.7745498218,0.00279035239472736,0.0129438440209401,,55,0
297.100460,8.46695014e+4,2.38999093398444,84669.5014422232,0.00281177220735939,0.0128958993332514,,55,0
297.200530,8.52300975e+4,2.40620934375953,85230.097494253,0.00282943591079576,0.0127640672499722,,55,0
297.300690,8.58304047e+4,2.42357662280838,85830.4046886266,0.00284840473236261,0.0125596526225806,,55,0
297.403170,8.55689749e+4,2.41601328742114,85568.9748680053,0.0028387502883323,0.0122068845569455,,55,0
297.500460,8.56976796e+4,2.41973679887262,85697.6795837162,0.00284209032879781,0.0120293252570768,,55,0
297.599400,8.59754672e+4,2.42777337595544,85975.4671995764,0.00285035497259446,0.0118516699850727,,55,0
297.699950,8.61311649e+4,2.43227781180235,86131.1648904977,0.00285455236833097,0.0116154550035875,,55,0
297.800230,8.61528459e+4,2.43290505684296,86152.8458751502,0.00285430944588888,0.0113507616412439,,55,0
297.900600,8.59463800e+4,2.42693186539132,85946.3800383484,0.00284650969336397,0.0110839092828903,,55,0
298.000580,8.59262856e+4,2.42635051896335,85926.2855582546,0.00284488938381794,0.010887120872451,,55,0
298.098720,8.59388619e+4,2.42671435996573,85938.8618732158,0.00284436903560331,0.0106886477231507,,55,0
298.199890,8.57263972e+4,2.42056761775991,85726.3971827059,0.00283637434615156,0.0104686340234472,,55,0
298.299710,8.57326461e+4,2.42074840429538,85732.6461441914,0.00283563189670403,0.0103147068941601,,55,0
298.399290,8.57110212e+4,2.4201227792058,85711.0211538175,0.00283397059275933,0.0101476255170923,,55,0
298.499970,8.56044678e+4,2.41704012038363,85604.4677746989,0.00282949281361192,0.00997941011437261,,55,0
298.600650,8.55017631e+4,2.4140688061959,85501.7630689922,0.00282514522171997,0.00984829129693024,,55,0
298.700590,8.56119262e+4,2.41725589786144,85611.926212601,0.00282783876498757,0.00976469794514996,,55,0
298.800780,8.57580116e+4,2.42148224211407,85758.0115523722,0.00283171428271645,0.00967242375405606,,55,0
298.899480,8.58995838e+4,2.4255780183133,85899.5837532926,0.0028354523637774,0.00958119329804607,,55,0
299.000120,8.61899663e+4,2.43397897638219,86189.9663488734,0.00284407997231065,0.00950304758698612,,55,0
299.101230,8.65364291e+4,2.44400236941062,86536.4290808926,0.00285454718824873,0.00940449158835717,,55,0
299.200200,8.70284844e+4,2.45823785112258,87028.4844030318,0.00286982884514223,0.00926230181156015,,55,0
299.298770,8.68456780e+4,2.45294914298144,86845.6780153911,0.00286285751487476,0.00902921214283634,,55,0
299.400880,8.70653212e+4,2.4593035629099,87065.3211724104,0.00286911918508711,0.00891406520453515,,55,0
299.500490,8.74578336e+4,2.47065920366923,87457.8335991048,0.0028810953640439,0.00878872699516085,,55,0
299.591160,8.77172439e+4,2.47816411282249,87717.2438927466,0.00288876649649121,0.00862378016578413,,55,0
299.699710,8.79592362e+4,2.48516510920724,87959.2362328091,0.00289568677405877,0.00840147052251219,,55,0
299.800050,8.81708685e+4,2.49128776814101,88170.8684750446,0.00290168238434636,0.0081834123546978,,55,0
299.901250,8.84389467e+4,2.49904344571443,88438.9466830051,0.00290952264107082,0.00793452063192056,,55,0
300.000000,8.83220194e+4,2.4956606639639,88322.0194305481,0.00290471943975986,0.00763948443094712,,55,0
300.100590,8.83563626e+4,2.49665423393181,88356.3625880555,0.00290487490708241,0.00739074148864449,,55,0
300.198270,8.84361358e+4,2.49896212417249,88436.1357702222,0.00290655153847177,0.00713569158725937,,55,0
300.300230,8.83252223e+4,2.49575332516308,88325.2223032809,0.00290192062985376,0.00683967906141229,,55,0
300.399870,8.83683342e+4,2.49700057946302,88368.3341648084,0.00290237405642369,0.00656205327736597,,55,0
300.499690,8.81092001e+4,2.4895036620682,88109.2001096074,0.00289290176079962,0.00623941560434204,,55,0
300.600100,8.79505385e+4,2.48491347681319,87950.5384548751,0.00288672781920961,0.00595029457642817,,55,0
300.700380,8.77351397e+4,2.47868184917315,87735.1396641695,0.00287869763108411,0.00565246023158915,,55,0
300.800540,8.75520570e+4,2.47338514927357,87552.0570380879,0.00287173392229378,0.00535093123367647,,55,0
300.900090,8.71757456e+4,2.46249821434694,87175.7456226524,0.00285844479128929,0.00502749735617791,,55,0
301.004060,8.67531157e+4,2.45027125592446,86753.1157400048,0.00284360443912939,0.00471659793515419,,55,0
301.100190,8.63918108e+4,2.4398184678751,86391.8107912194,0.00283085746521695,0.00445529891019629,,55,0
301.200590,8.61939979e+4,2.43409561285668,86193.9979369286,0.00282343414421468,0.00418788768823642,,55,0
301.299470,8.57138134e+4,2.42020356076406,85713.8134018409,0.00280678343726464,0.00387834001241271,,55,0
301.399660,8.53193636e+4,2.40879186969894,85319.3635731089,0.00279293806283935,0.00359340113409401,,55,0
301.500030,8.48040146e+4,2.39388248835657,84804.0146310951,0.002775143903744,0.00329497824676648,,55,0
301.600220,8.42540463e+4,2.37797154528785,84254.0462931331,0.00275623071792522,0.00300931575533089,,55,0
301.700320,8.35096882e+4,2.3564367802073,83509.6882177754,0.00273097388378406,0.00275500769904198,,55,0
301.800750,8.33566633e+4,2.35200967002311,83356.6633204166,0.00272506247141172,0.00256994118160499,,55,0
301.899290,8.27740839e+4,2.33515526747182,82774.0839146302,0.002705133775471,0.0022928248973919,,55,0
301.999600,8.22157724e+4,2.31900295169895,82215.7724291651,0.00268599518155645,0.00204560927707174,,55,0
302.100280,8.16471655e+4,2.30255278092917,81647.1654623515,0.00266652978900366,0.00180566036973928,,55,0
302.200620,8.09820766e+4,2.28331132652998,80982.0766206535,0.00264393037158704,0.00157675724615186,,55,0
302.300510,8.04171877e+4,2.2669687205089,80417.1876739353,0.00262462013797837,0.0013829061992384,,55,0
302.400390,7.97252029e+4,2.2469491496294,79725.2029137764,0.00260117602164474,0.00121099710503527,,55,0
302.498470,7.95372675e+4,2.24151205397349,79537.267450221,0.00259420289500322,0.00109540187468079,,55,0
302.599090,7.90188052e+4,2.22651260335359,79018.8052263201,0.00257643563163385,0.000898653941930713,,55,0
302.700840,7.86421093e+4,2.21561454476319,78642.1093168387,0.00256329141478556,0.000718051062430829,,55,0
302.800350,7.80776497e+4,2.19928435836671,78077.6496595893,0.00254405686346341,0.000510134619326359,,55,0
302.901640,7.75167587e+4,2.1830574168495,77516.7587043592,0.00252493635554765,0.000318568170938397,,55,0
302.999270,7.69370910e+4,2.16628725175201,76937.0910010571,0.00250524748578936,0.000141965075155974,,55,0
303.100070,7.63305796e+4,2.14874048212852,76330.5796406207,0.00248467150422395,-0.0000206482328758118,,55,0
303.199650,7.57317582e+4,2.13141618578046,75731.7581611044,0.0024643693533183,-0.000147894302405324,,55,0
303.299260,7.55268751e+4,2.12548878494473,75526.8750959094,0.00245689513932645,-0.000247372254037734,,55,0
303.401210,7.50625593e+4,2.11205582697532,75062.5593393613,0.00244097041190144,-0.000434028914840894,,55,0
303.500060,7.44419001e+4,2.09409974972375,74441.9000912125,0.00241999865188454,-0.000626088773367613,,55,0
303.599490,7.37037089e+4,2.07274339525047,73703.7088523986,0.00239521642133921,-0.000789807496614189,,55,0
303.700470,7.31128946e+4,2.05565075190036,73112.8945547142,0.00237522616986711,-0.000898480862282149,,55,0
303.800320,7.25709073e+4,2.03997070585244,72570.9072679207,0.00235684369470631,-0.000980872465348565,,55,0
303.900760,7.24332696e+4,2.03598875821257,72433.269598306,0.00235159624942742,-0.0010584076249965,,55,0
303.999600,7.17188909e+4,2.01532131491596,71718.8908596811,0.00232764641056486,-0.00122200584912392,,55,0
304.100010,7.13323810e+4,2.00413933290755,71332.3810196468,0.00231433776321703,-0.00131499114327531,,55,0
304.200740,7.07672084e+4,1.98778851913456,70767.2083685839,0.0022952407891855,-0.00144138397760756,,55,0
304.298950,7.01888547e+4,1.97105636888802,70188.8546643517,0.00227574793568558,-0.00153856894977804,,55,0
304.400240,6.96737073e+4,1.95615281936938,69673.7073017407,0.00225829350147273,-0.00159598860604271,,55,0
304.500950,6.94690855e+4,1.95023297830514,69469.0855431789,0.00225091650531647,-0.00163009055707404,,55,0
304.599980,6.92254806e+4,1.94318532733059,69225.4805678943,0.00224229404951039,-0.00172349188249741,,55,0
304.700290,6.86574709e+4,1.92675243603852,68657.4708733852,0.00222316342720289,-0.00185262873529229,,55,0
304.800450,6.82419523e+4,1.91473121139743,68241.9522641128,0.00220898259678143,-0.00193070156157509,,55,0
304.899510,6.78320107e+4,1.90287133387939,67832.0106849834,0.0021949994705458,-0.00199794759821326,,55,0
305.000210,6.76674958e+4,1.8981118097429,67667.4957616673,0.00218895292379596,-0.00205396582010099,,55,0
305.100220,6.74067939e+4,1.89056953371911,67406.7938666671,0.00217980480533111,-0.00216830827283868,,55,0
305.200010,6.69363747e+4,1.87696000108693,66936.3747337575,0.00216388461623773,-0.00230601379576079,,55,0
305.299770,6.66377684e+4,1.86832112620943,66637.7684451345,0.00215352750766796,-0.00242490220853418,,55,0
305.400970,6.61201872e+4,1.85334716281915,66120.1871978827,0.00213609280864548,-0.00258604085189828,,55,0
305.499450,6.55812012e+4,1.83775394614669,65581.2012044193,0.00211799724049713,-0.00272970290551313,,55,0
305.600280,6.49408992e+4,1.81922959007216,64940.8991633571,0.00209662618415466,-0.00285262554731787,,55,0
305.698030,6.47374570e+4,1.81334387597639,64737.4570175967,0.00208938970854638,-0.00294550977105696,,55,0
305.799770,6.38547557e+4,1.78780675187293,63854.7557447146,0.00206021502025746,-0.00311875197265218,,55,0
305.901180,6.36367961e+4,1.78150103847224,63636.7961490035,0.00205250209886515,-0.00319296254086562,,55,0
305.999730,6.29787850e+4,1.76246434588383,62978.7849841136,0.00203062481939448,-0.00335975406372053,,55,0
306.099880,6.23849358e+4,1.74528390118764,62384.9357965321,0.00201081922466315,-0.00349736737438693,,55,0
306.200010,6.16878145e+4,1.7251157267999,61687.8144945547,0.00198769909117847,-0.0036397145061698,,55,0
306.299870,6.10006788e+4,1.70523644368,61000.6788389178,0.00196491745715821,-0.00376420527470059,,55,0
306.400090,6.02957221e+4,1.68484158414415,60295.722070896,0.00194157453567877,-0.00388480313056674,,55,0
306.499880,5.94447210e+4,1.66022156831977,59444.721025574,0.00191354834954443,-0.00399707066865165,,55,0
306.595890,5.86048703e+4,1.63592413874474,58604.8703075862,0.00188592247457012,-0.00404322743777383,,55,0
306.700040,5.83849584e+4,1.62956194305132,58384.9583780299,0.00187820761877173,-0.00403304198373027,,55,0
306.800080,5.76508062e+4,1.60832244104601,57650.8061931749,0.00185398566529468,-0.00414430908169792,,55,0
306.899960,5.69462414e+4,1.5879389211674,56946.241385103,0.00183073164437737,-0.00422069510319415,,55,0
306.998990,5.61592567e+4,1.56517094136254,56159.2567319651,0.00180484894594225,-0.00428377197995669,,55,0
307.099980,5.53424645e+4,1.54154060762358,55342.4644578821,0.00177801394257538,-0.00430398214240652,,55,0
307.200350,5.46877756e+4,1.52260003212989,54687.7756201858,0.00175640639053156,-0.00425949856612881,,55,0
307.300840,5.45252578e+4,1.51789828624696,54525.2578261377,0.00175061415616461,-0.00419854267833728,,55,0
307.400450,5.38475068e+4,1.49829050692047,53847.5068115849,0.00172829373847066,-0.00424039269747873,,55,0
307.499480,5.33065797e+4,1.48264113194548,53306.5796831319,0.00171038109504,-0.0042318709953285,,55,0
307.600680,5.26841398e+4,1.464633540251,52684.1398169255,0.00168985350952393,-0.00421691814067012,,55,0
307.700200,5.21177316e+4,1.44824697955852,52117.7315587827,0.00167114518388521,-0.00415979021315896,,55,0
307.800810,5.19616008e+4,1.44373001609028,51961.6008454407,0.00166559427594418,-0.00407651394513988,,55,0
307.900180,5.14192403e+4,1.4280391703688,51419.2402634569,0.00164767733719197,-0.0040716256210794,,55,0
308.000270,5.10110681e+4,1.41623048330346,51011.0681035296,0.00163406668406006,-0.00402604542965013,,55,0
308.100400,5.05537106e+4,1.40299883124929,50553.7105693286,0.00161888959256637,-0.00398399297906216,,55,0
308.199770,5.01038040e+4,1.38998274067947,50103.8040071259,0.00160396484413225,-0.00392240924880105,,55,0
308.300230,4.97547282e+4,1.37988374993608,49754.7282087746,0.00159227092545006,-0.00383064762325027,,55,0
308.400360,4.96055595e+4,1.37556820037981,49605.5594507316,0.00158698174532899,-0.00373598993213471,,55,0
308.493930,4.93062999e+4,1.36691042607357,49306.2998955255,0.00157692938231282,-0.00368769544957192,,55,0
308.600040,4.89698975e+4,1.35717808424769,48969.8974688848,0.00156563193859013,-0.00361612178870799,,55,0
308.699830,4.87682434e+4,1.35134410058829,48768.2434070859,0.00155868077285878,-0.00353489688550521,,55,0
308.800990,4.85196549e+4,1.34415227397166,48519.6549410109,0.00155022763736565,-0.00346738549533843,,55,0
308.900240,4.82803055e+4,1.33722773927574,48280.3055308957,0.00154208466924053,-0.00339687108082305,,55,0
309.000370,4.80685837e+4,1.33110248842032,48068.5836978145,0.00153482470917203,-0.00331830231267998,,55,0
309.100920,4.79116205e+4,1.32656144168003,47911.620536198,0.00152931524678383,-0.00323459196936116,,55,0
309.199100,4.78235714e+4,1.32401412267643,47823.5713996625,0.00152602005075936,-0.0031623066861429,,55,0
309.299710,4.75905157e+4,1.31727167047681,47590.5157464557,0.00151808942194352,-0.00311197547100492,,55,0
309.399810,4.74258851e+4,1.31250879844151,47425.8851016306,0.00151234842267892,-0.00304165847916938,,55,0
309.497380,4.72901736e+4,1.30858257711723,47290.1736351978,0.00150754535626469,-0.00297150254929107,,55,0
309.600040,4.72082764e+4,1.30621323673397,47208.2764033984,0.00150443556582729,-0.00290064402698255,,55,0
309.700200,4.70801391e+4,1.30250614078631,47080.1390963767,0.00149986685193944,-0.00285143788661982,,55,0
309.800570,4.68685703e+4,1.29638531779705,46868.5703143235,0.00149264300147797,-0.00280416613365317,,55,0
309.897090,4.67603259e+4,1.29325373645363,46760.3259079929,0.00148873187424427,-0.00273683290653544,,55,0
309.999820,4.66904562e+4,1.29123236155261,46690.4562472248,0.00148601478926504,-0.00267183716680192,,55,0
310.100980,4.65424036e+4,1.2869491030203,46542.4036418008,0.00148081950135933,-0.00262095284923019,,55,0
310.200200,4.65134919e+4,1.28611266830275,46513.4919293122,0.00147942627226184,-0.00256226936904573,,55,0
310.300660,4.63367441e+4,1.28099923886355,46336.74412261,0.00147332741756762,-0.00252691945367811,,55,0
310.400630,4.62801638e+4,1.27936233234142,46280.1637706166,0.00147105445176185,-0.00247370527257957,,55,0
310.500370,4.61049390e+4,1.27429296557037,46104.9390082907,0.00146501403526305,-0.00243807491701254,,55,0
310.600340,4.60213433e+4,1.27187448667239,46021.3432833754,0.00146188705215735,-0.0023814852086434,,55,0
310.700350,4.59695859e+4,1.27037711193271,45969.5859052407,0.00145977292625147,-0.00233387008560207,,55,0
310.801240,4.58175689e+4,1.26597916086715,45817.5689048957,0.0014544733038702,-0.0023013972004182,,55,0
310.900150,4.57024745e+4,1.26264940551382,45702.474531823,0.00145035808179637,-0.0022534689832924,,55,0
311.000430,4.56695760e+4,1.26169763028261,45669.5760267021,0.00144884673331342,-0.00220101275089695,,55,0
311.100280,4.55367277e+4,1.25785424245457,45536.7277343789,0.00144416851538302,-0.00216538113767245,,55,0
311.199370,4.55228636e+4,1.25745314257839,45522.8635510112,0.00144326911920424,-0.00211749596489737,,55,0
311.300690,4.53541229e+4,1.25257136613715,45354.1229261409,0.00143745131695804,-0.00209017449015947,,55,0
311.398130,4.53489864e+4,1.25242276262891,45348.9863843224,0.00143683877580869,-0.00203979992096405,,55,0
311.498350,4.52404545e+4,1.24928286553684,45240.4545406952,0.0014329388739809,-0.00201467557570917,,55,0
311.600280,4.51228404e+4,1.24588021238696,45122.8404250881,0.00142874606220557,-0.00198180813537377,,55,0
311.699460,4.50446575e+4,1.24361832875567,45044.6574804321,0.00142581669165014,-0.00194250452924307,,55,0
311.800570,4.49505012e+4,1.24089432709256,44950.5012345833,0.00142237493184445,-0.00190404181779199,,55,0
311.900090,4.49115367e+4,1.23976705716592,44911.53668262,0.0014206885180779,-0.00186198995338958,,55,0
311.999820,4.48320771e+4,1.23746823865104,44832.0770684132,0.00141772165252475,-0.00183173921027381,,55,0
312.101070,4.47329149e+4,1.23459941336544,44732.9149340624,0.00141412694359981,-0.00179872940557119,,55,0
312.200780,4.46776747e+4,1.2330012776714,44677.6747118022,0.0014119295695683,-0.00175773993953729,,55,0
312.300290,4.46369258e+4,1.23182238530513,44636.9258088293,0.0014101923185626,-0.00171980950933747,,55,0
312.400090,4.46039228e+4,1.23086758616532,44603.922781055,0.00140869950026681,-0.00168915369241049,,55,0
312.499210,4.44891196e+4,1.22754625455737,44489.1195782308,0.00140462807009312,-0.00166756738695048,,55,0
312.599790,4.44451118e+4,1.22627308104088,44445.1118082466,0.00140278714278268,-0.00162732547502522,,55,0
312.700350,4.44582070e+4,1.22665193358952,44458.2070035223,0.00140274920706043,-0.00159390859906967,,55,0
312.800810,4.43210285e+4,1.22268326954813,44321.0284869916,0.00139797181774173,-0.00158344554881294,,55,0
312.900940,4.42701484e+4,1.22121127404133,44270.148352554,0.00139592011389958,-0.00154912355507211,,55,0
313.000000,4.42017121e+4,1.21923136988679,44201.7121453167,0.00139332108730755,-0.00151687690662262,,55,0
313.102290,4.42434615e+4,1.22043920537822,44243.4614793996,0.00139418147919248,-0.00147765695467922,,55,0
313.200710,4.41619114e+4,1.21807990869137,44161.9114121272,0.00139117440831936,-0.00146877764267544,,55,0
313.300570,4.40502812e+4,1.21485037430873,44050.2812184205,0.00138721557389796,-0.00144608873898638,,55,0
313.400360,4.41526724e+4,1.21781261677066,44152.6723561673,0.00138999730782921,-0.00140469352717324,,55,0
313.500270,4.39960078e+4,1.21328020976922,43996.0078307031,0.00138462384690353,-0.00141076157749495,,55,0
313.600770,4.40244716e+4,1.21410368487849,44024.4715889633,0.00138507562725018,-0.0013828693287026,,55,0
313.695530,4.38928962e+4,1.21029712393731,43892.896233239,0.00138051892192528,-0.001383940331632,,55,0
313.799590,4.38684043e+4,1.20958855735476,43868.4043358036,0.00137929106054803,-0.00135350965388955,,55,0
313.900210,4.39640836e+4,1.21235662168601,43964.0836260288,0.00138185627375305,-0.00133775693430617,,55,0
314.001430,4.36935641e+4,1.20453031424748,43693.5640675238,0.00137291073564892,-0.00137403124191337,,55,0
314.099150,4.36798828e+4,1.20413450621135,43679.8827987994,0.00137205385652816,-0.00134850836489269,,55,0
314.200990,4.35873728e+4,1.20145813110866,43587.3727847398,0.00136870419804496,-0.00134639751241822,,55,0
314.297730,4.35247898e+4,1.19964756583562,43524.7898460863,0.00136631832802071,-0.0013405768515578,,55,0
314.399810,4.34258704e+4,1.19678576033783,43425.8703536093,0.0013627704633763,-0.00134245236016821,,55,0
314.500790,4.32695343e+4,1.19226285704913,43269.5343279126,0.00135742841546543,-0.00133871299640027,,55,0
314.600430,4.33543433e+4,1.19471643488619,43354.3432621963,0.00135965822914345,-0.00131339601892012,,55,0
314.699980,4.31190814e+4,1.1879101566158,43119.0814344149,0.00135185228908693,-0.00134710080406172,,55,0
314.801150,4.30373895e+4,1.185546756053,43037.3895149702,0.00134885748474659,-0.00133464550133367,,55,0
314.899720,4.29161582e+4,1.18203945406628,42916.158168969,0.00134463687889141,-0.00133027359266366,,55,0
315.000700,4.28566512e+4,1.18031787810341,42856.6511826837,0.00134234196938074,-0.00131311706976127,,55,0
315.100800,4.28835620e+4,1.18109642657065,42883.5620329522,0.00134275816444748,-0.0013084613617729,,55,0
315.199920,4.25860682e+4,1.17248973472037,42586.0681639963,0.00133302379521303,-0.00134633834165013,,55,0
315.301240,4.25940194e+4,1.17271976776729,42594.0193515496,0.00133284424380112,-0.00132063382745402,,55,0
315.399930,4.24057965e+4,1.16727435636273,42405.7964506976,0.00132653919753506,-0.00133816616867342,,55,0
315.501280,4.23459311e+4,1.16554241271323,42345.9311010296,0.00132424095913807,-0.00133066922755414,,55,0
315.600980,4.21394541e+4,1.15956889727138,42139.454065372,0.00131736771928509,-0.00134580956160411,,55,0
315.697810,4.20491913e+4,1.15695753620355,42049.191288358,0.00131414272149674,-0.00133223446172804,,55,0
315.799620,4.19361687e+4,1.15368771903851,41936.1687035915,0.00131018795711041,-0.00132816981713007,,55,0
315.899990,4.17819493e+4,1.14922604989892,41781.9492616238,0.00130495501506709,-0.0013238439961413,,55,0
315.998720,4.17859808e+4,1.14934268637341,41785.980849679,0.00130467317482574,-0.00130544692864181,,55,0
316.099370,4.15481657e+4,1.14246253833584,41548.165682796,0.00129683487166288,-0.00132986914993868,,55,0
316.200260,4.14636517e+4,1.1400174922409,41463.6516517125,0.00129378401218013,-0.00131529388226072,,55,0
316.299190,4.12830664e+4,1.13479304215746,41283.066370454,0.00128774633820584,-0.00131757395283206,,55,0
316.396330,4.11590502e+4,1.13120517460595,41159.0502423333,0.00128348371597445,-0.00129621876477095,,55,0
316.499450,4.12161233e+4,1.13285633669719,41216.1233439779,0.00128484469867183,-0.00126644262072012,,55,0
316.599520,4.09429273e+4,1.1249525955992,40942.9272589585,0.00127592484238971,-0.00129928007122747,,55,0
316.700590,4.08421861e+4,1.12203808769442,40842.1860859528,0.00127237920562876,-0.00128054670932124,,55,0
316.800570,4.06607198e+4,1.11678815038138,40660.7198280452,0.00126632611730594,-0.00127294466870464,,55,0
316.899870,4.05765679e+4,1.11435357996979,40576.5678932963,0.00126330933315184,-0.00123733562405809,,55,0
317.000520,4.06679394e+4,1.11699701606811,40667.9393570255,0.0012657520756054,-0.00120487286277499,,55,0
317.100340,4.03431688e+4,1.10760119207049,40343.1688085145,0.00125524862797189,-0.00124419731799378,,55,0
317.200410,4.02852409e+4,1.10592529872679,40285.2408608841,0.00125305080592411,-0.00120844663427329,,55,0
317.301270,4.01615943e+4,1.10234812285211,40161.5942950018,0.00124880776326213,-0.00119435226048247,,55,0
317.400300,4.00354840e+4,1.0986996691319,40035.4839808634,0.00124449800755945,-0.00117110688444913,,55,0
317.500400,4.00893094e+4,1.10025687406313,40089.3094143525,0.00124577827756631,-0.00113496166699304,,55,0
317.600800,3.98004499e+4,1.09189997866239,39800.4498631481,0.00123641096751868,-0.00115499066640329,,55,0
317.699340,3.98206750e+4,1.0924851049761,39820.6749965585,0.00123665557702835,-0.0011055788604434,,55,0
317.800380,3.96699757e+4,1.08812527675822,39669.9757282352,0.0012315838298104,-0.0010990837855607,,55,0
317.899900,3.95824641e+4,1.08559350928456,39582.4641367737,0.0012284822651675,-0.00107043963483114,,55,0
318.000120,3.94972558e+4,1.08312837579678,39497.2557766363,0.00122545140506416,-0.0010392409282218,,55,0
318.100070,3.94886924e+4,1.08288063128522,39488.6923849709,0.0012248007504597,-0.00100184821879444,,55,0
318.199250,3.93850283e+4,1.07988156193643,39385.0283106252,0.00122120469662787,-0.000986471443949861,,55,0
318.300050,3.93179024e+4,1.07793956463611,39317.9023695058,0.00121873725947863,-0.000956253811193536,,55,0
318.400540,3.92678733e+4,1.07649219238503,39267.8733481021,0.00121680235487067,-0.000923554929176251,,55,0
318.500460,3.92514260e+4,1.07601635876779,39251.4259620176,0.00121591112056661,-0.000892164877440383,,55,0
318.597200,3.91552278e+4,1.07323328289029,39155.2277914778,0.00121256284278473,-0.000875290515990497,,55,0
318.700260,3.91577139e+4,1.07330520871623,39157.7139374452,0.00121224769543024,-0.000838577747031887,,55,0
318.800960,3.90299275e+4,1.06960826446172,39029.9275279024,0.00120791000897967,-0.000824004933139989,,55,0
318.900910,3.90760892e+4,1.07094375209467,39076.0892111347,0.00120895960351642,-0.000777198968932778,,55,0
318.999970,3.89927959e+4,1.06853402093228,38992.7958553235,0.00120600800191584,-0.000764415264368355,,55,0
319.100650,3.89535177e+4,1.06739767927985,38953.5177354004,0.00120441304274299,-0.000734901065487316,,55,0
319.200040,3.89225454e+4,1.06650163036423,38922.5454334614,0.00120308068031627,-0.000705641912458586,,55,0
319.295010,3.89081848e+4,1.06608616692221,38908.1847674906,0.00120227908962223,-0.00067786383840354,,55,0
319.400240,3.88808297e+4,1.06529476684342,38880.8296959456,0.00120103798066068,-0.00065452549707589,,55,0
319.501220,3.87991628e+4,1.06293208985876,38799.1627872785,0.00119813647372899,-0.00063717881705034,,55,0
319.601500,3.87868452e+4,1.06257573303016,38786.8451658843,0.00119738028493743,-0.000600311850137076,,55,0
319.700590,3.88260636e+4,1.06371034673482,38826.063558577,0.00119821948864685,-0.000566622808229679,,55,0
319.797880,3.87476648e+4,1.0614422208922,38747.664849301,0.00119543621888653,-0.000557570137509429,,55,0
319.900180,3.87762585e+4,1.06226945428788,38776.2585142874,0.00119593581829609,-0.000524955472679322,,55,0
320.000180,3.86863881e+4,1.05966944367696,38686.3880705184,0.00119279117410231,-0.000516731894221949,,55,0
320.102660,3.87127632e+4,1.06043249461264,38712.7632421889,0.00119322225267665,-0.000481375643876594,,55,0
320.200960,3.86818824e+4,1.05953909161704,38681.8823975715,0.00119190440864144,-0.000466896289003794,,55,0
320.302310,3.86422504e+4,1.05839251187407,38642.250393808,0.00119030647237838,-0.00044977887340051,,55,0
320.400360,3.86278169e+4,1.05797494249571,38627.8169352751,0.00118949774955774,-0.000427862104343024,,55,0
320.500520,3.86148740e+4,1.05760049621389,38614.8740444371,0.00118872758179835,-0.000409367761819125,,55,0
320.600010,3.85581895e+4,1.05596057658284,38558.1895430856,0.00118661424575344,-0.000396744494073336,,55,0
320.699680,3.85777162e+4,1.05652549670731,38577.7162411949,0.00118684619911396,-0.000369998421376422,,55,0
320.799900,3.85155115e+4,1.05472587150358,38515.5114505692,0.00118456228358159,-0.000360900616525728,,55,0
320.899020,3.85599093e+4,1.05601033067895,38559.9093140273,0.00118556144831574,-0.000334117223827057,,55,0
321.000270,3.84544504e+4,1.05295933649966,38454.4504364066,0.00118194608641831,-0.000338833706833269,,55,0
321.100590,3.84549021e+4,1.05297240410467,38454.9021235869,0.00118159069520519,-0.000311690117404566,,55,0
321.199620,3.84585623e+4,1.05307829490397,38458.5622829278,0.00118133882529765,-0.000293262423884357,,55,0
321.299900,3.84283623e+4,1.05220459051295,38428.3623287375,0.00118004275289656,-0.000284948003979548,,55,0
321.399720,3.84051374e+4,1.05153267802248,38405.1373951779,0.00117896329595712,-0.000275575803760182,,55,0
321.499330,3.83472094e+4,1.04985678467878,38347.2094475475,0.00117682029348688,-0.000270933397022716,,55,0
321.599760,3.83463748e+4,1.04983263660869,38346.374759502,0.00117642718565218,-0.000255095987328599,,55,0
321.699920,3.82904380e+4,1.04821434872378,38290.4379684166,0.00117434536099147,-0.000255492424928485,,55,0
321.799960,3.82140177e+4,1.04600346115106,38214.0177236492,0.00117163724914407,-0.000252067561181866,,55,0
321.900510,3.81973102e+4,1.04552010016135,38197.3101508171,0.00117075918013118,-0.00023266328307072,,55,0
322.000550,3.81789761e+4,1.04498968499391,38178.9761308408,0.00116983367680352,-0.0002189024619196,,55,0
322.100460,3.81726992e+4,1.04480808848293,38172.6991722159,0.00116927854333823,-0.000209193195780315,,55,0
322.200010,3.80966619e+4,1.04260828137529,38096.6619283138,0.00116658887354835,-0.000215030714953587,,55,0
322.299800,3.80217099e+4,1.04043986891869,38021.7098535298,0.00116393321815824,-0.000208517920193573,,55,0
322.399540,3.80712965e+4,1.04187444355659,38071.296520133,0.00116509062873945,-0.000182520246042797,,55,0
322.498500,3.79743439e+4,1.03906954153882,37974.3439200137,0.00116176699927091,-0.000196645932642838,,55,0
322.599580,3.79260343e+4,1.03767191258418,37926.0342962565,0.00115992548727465,-0.000189432711710976,,55,0
322.701080,3.78781144e+4,1.03628555848873,37878.1143926779,0.00115809553706162,-0.000181922601071652,,55,0
322.799740,3.78664265e+4,1.03594742070944,37866.4265202697,0.00115738433968225,-0.000171354800216043,,55,0
322.900510,3.77975043e+4,1.03395345537993,37797.5042826946,0.00115491720068185,-0.000177081590323237,,55,0
322.999940,3.77172081e+4,1.03163043479659,37717.2081139664,0.00115210895431367,-0.000178677282191694,,55,0
323.100740,3.76637720e+4,1.03008449392489,37663.7720273608,0.00115011777459566,-0.000168945211889198,,55,0
323.199890,3.76469465e+4,1.02959772023833,37646.9464932485,0.00114925131154666,-0.000155040636357118,,55,0
323.299900,3.76023997e+4,1.02830895199321,37602.3996850095,0.00114753633742402,-0.000153050870789171,,55,0
323.399810,3.75278373e+4,1.02615181439582,37527.8373304042,0.00114490705777867,-0.000154819126386664,,55,0
323.500000,3.74862717e+4,1.02494929234379,37486.271657555,0.00114328477136181,-0.000145834297568245,,55,0
323.600340,3.74561628e+4,1.02407822307312,37456.1627873911,0.00114201227021838,-0.000139760430258496,,55,0
323.700560,3.73501455e+4,1.02101107258218,37350.1454601658,0.0011384273015153,-0.000146860941434584,,55,0
323.799650,3.73599489e+4,1.02129469360932,37359.9489384534,0.00113837763429941,-0.000126908727598495,,55,0
323.900270,3.72476080e+4,1.01804459664821,37247.6079907044,0.00113460197054632,-0.000137559109846097,,55,0
323.997560,3.72506720e+4,1.01813324036882,37250.6719976263,0.00113435457712355,-0.000117332590439526,,55,0
324.100590,3.71967730e+4,1.0165739079019,37196.7730249848,0.00113235316575667,-0.000121109140308076,,55,0
324.200350,3.70595546e+4,1.01260408829545,37059.5545658688,0.00112782877612378,-0.000131780896825474,,55,0
324.300630,3.71366064e+4,1.01483324891584,37136.6064260982,0.00112982421425447,-0.0000956766379279685,,55,0
324.400510,3.69737224e+4,1.01012090855315,36973.7224294684,0.00112452238185877,-0.000126128360368724,,55,0
324.497960,3.69557688e+4,1.00960149825308,36955.768797291,0.00112363879695228,-0.000108266231907864,,55,0
324.599820,3.68472549e+4,1.00646211954534,36847.254871833,0.00111998787051812,-0.000111629152481535,,55,0
324.699800,3.68711805e+4,1.0071543030231,36871.1804804647,0.00112037001429434,-0.0000813267789836142,,55,0
324.800050,3.68441020e+4,1.00637090550242,36844.1020206557,0.00111920165666106,-0.0000796970792721228,,55,0
324.900090,3.67169980e+4,1.00269370305119,36716.9979947208,0.00111499723320007,-0.0000948614717695521,,55,0
324.999420,3.67358729e+4,1.00323976694562,36735.8729194279,0.00111522946103483,-0.0000707319492896617,,55,0
325.100310,3.66296376e+4,1.00016630944532,36629.6375878114,0.00111165926968469,-0.0000847003280501262,,55,0
325.200320,3.65913827e+4,0.999059569698127,36591.3826700048,0.00111015676993947,-0.0000747790772900186,,55,0
325.300350,3.65214439e+4,0.997036196857499,36521.4439496266,0.00110769415722808,-0.0000761098913933519,,55,0
325.400240,3.64079704e+4,0.99375333368679,36407.9704242702,0.00110391353024902,-0.0000752806300769191,,55,0
325.499970,3.65380380e+4,0.99751627474645,36538.0380407209,0.0011075178290386,-0.0000251635955763152,,55,0
325.600620,3.63292339e+4,0.991475434139601,36329.2338828471,0.00110084828928698,-0.0000742957464337519,,55,0
325.701290,3.63304068e+4,0.99150936671394,36330.406776335,0.00110054356153699,-0.0000478103134181011,,55,0
325.799990,3.62384448e+4,0.988848845532043,36238.4447596147,0.00109742522821972,-0.0000533872035598472,,55,0
325.900390,3.61953172e+4,0.98760113764582,36195.3172196892,0.00109578149641666,-0.0000371936601549711,,55,0
326.000490,3.62386183e+4,0.988853867380251,36238.6183418782,0.00109675553249277,-0.0000123585433068813,,55,0
326.100250,3.60703604e+4,0.983986054916928,36070.3603876889,0.00109132927488918,-0.0000459194477892156,,55,0
326.203430,3.60423808e+4,0.983176586984268,36042.3807932905,0.00109013781045136,-0.0000219845632610551,,55,0
326.300350,3.60295316e+4,0.982804851420513,36029.5315995453,0.00108942548887037,-0.00000494333317430096,,55,0
326.399440,3.59723066e+4,0.981149293862137,35972.3065667582,0.00108736496666703,-0.00000108163881135407,,55,0
326.500490,3.60093796e+4,0.982221841842822,36009.3796319922,0.00108814872523058,0.0000201404149309786,,55,0
326.600370,3.58155121e+4,0.976613128574298,35815.5121345678,0.00108195936113202,-0.0000197193917318332,,55,0
326.699980,3.58695866e+4,0.978177536887793,35869.5865559487,0.00108326252349897,0.0000215308178459664,,55,0
326.799930,3.57489618e+4,0.974687784370613,35748.9618146319,0.0010792894570552,0.00000114920623327025,,55,0
326.900050,3.57210401e+4,0.973879990387356,35721.040080988,0.00107811618094886,0.000017808873960877,,55,0
327.000120,3.56618414e+4,0.972167334954845,35661.8414365298,0.00107600009136289,0.0000219689473943251,,55,0
327.100400,3.56222539e+4,0.971022040373031,35622.2538548939,0.00107447613673171,0.0000345354911106366,,55,0
327.200350,3.56237694e+4,0.971065887047702,35623.7694333665,0.00107419361666614,0.0000518463830294826,,55,0
327.300690,3.55098106e+4,0.96776898430136,35509.8106242627,0.0010704290602178,0.0000356546252613618,,55,0
327.399720,3.55010576e+4,0.967515753555625,35501.0575986406,0.00106984150628879,0.0000595019860233242,,55,0
327.499970,3.54818445e+4,0.966959905156948,35481.8444684912,0.00106893520070782,0.0000703277468689372,,55,0
327.600680,3.53883295e+4,0.964254457333024,35388.3295437793,0.00106579020323805,0.0000625604141584008,,55,0
327.699680,3.54385236e+4,0.965706603039818,35438.5235616571,0.00106697945812968,0.0000955916990249316,,55,0
327.800080,3.52769211e+4,0.961031337956472,35276.9210874157,0.00106178863852535,0.0000601643746990944,,55,0
327.900700,3.53266724e+4,0.962470675250419,35326.6723771978,0.00106295980526886,0.00010151779065759,,55,0
328.000640,3.52270716e+4,0.959589160348378,35227.0716209985,0.00105963990935802,0.0000833773066728338,,55,0
328.100370,3.51882187e+4,0.958465119524139,35188.2186842971,0.0010581494675599,0.0000967715005448333,,55,0
328.200620,3.52288985e+4,0.959642013950801,35228.8985276598,0.00105904916735665,0.000123988189635672,,55,0
328.299800,3.50928056e+4,0.955704755360141,35092.8055535425,0.0010546392431965,0.0000872212411108749,,55,0
328.400090,3.50619602e+4,0.954812378333528,35061.9601719682,0.00105339045834774,0.0000977991919210996,,55,0
328.500980,3.49572688e+4,0.951783588283091,34957.2687892588,0.00104992258972955,0.0000830300279194393,,55,0
328.599950,3.49393663e+4,0.951265657538298,34939.3662985225,0.0010490688371561,0.000102935711392396,,55,0
328.696900,3.49060180e+4,0.950300868700437,34906.0179726973,0.00104775840973416,0.000108283842424855,,55,0
328.801970,3.48151441e+4,0.94767182856698,34815.1441114567,0.00104469674569095,0.0000955187947630099,,55,0
328.900210,3.47597968e+4,0.946070593366631,34759.7967534768,0.00104272439263075,0.000100860072648801,,55,0
329.000340,3.47236495e+4,0.945024828576386,34723.6494603147,0.00104132302694104,0.000113309733507674,,55,0
329.100370,3.47103504e+4,0.944640079405986,34710.3504458652,0.00104060781578872,0.000127418257588942,,55,0
329.200100,3.45991887e+4,0.94142409861366,34599.1887376223,0.00103696097612822,0.000104519053730128,,55,0
329.300200,3.45709001e+4,0.940605688551289,34570.9000548064,0.00103579818971163,0.000123670381198151,,55,0
329.399960,3.45596725e+4,0.940280866769498,34559.6724553678,0.00103514819984125,0.000141558523388014,,55,0
329.500240,3.44863961e+4,0.938160934047533,34486.3961026931,0.00103263902200145,0.000131562717417392,,55,0
329.599580,3.44797212e+4,0.937967825084531,34479.7212113954,0.00103212798019493,0.00014744705977379,,55,0
329.699620,3.43084687e+4,0.933013377639876,34308.4686831895,0.0010266900266315,0.0000950704638280125,,55,0
329.800350,3.43495200e+4,0.934201017741734,34349.5199552666,0.00102760454256217,0.000148203456548766,,55,0
329.898280,3.42374239e+4,0.930958005366477,34237.4238891624,0.00102394701462153,0.000116786757680957,,55,0
330.000150,3.42017615e+4,0.929926269352192,34201.7615064525,0.00102256469106268,0.000134929819215639,,55,0
330.100950,3.42053216e+4,0.930029265838974,34205.3216226824,0.00102235884744693,0.000165347547575006,,55,0
330.200380,3.40779104e+4,0.926343175256397,34077.9103748059,0.001018243961431,0.000116815866236376,,55,0